key_0,lineloc,stage_filtered,z,underwater,z_normalized,nice_datetimes
2021-06-08 00:00:00,430.0,,311.6937107659079,0.0,-3.2517603789164014,Jun 08
2021-06-08 03:00:00,430.0,,311.6937107659079,0.0,-3.2517603789164014,Jun 08
2021-06-08 06:00:00,425.0,,311.93075244862536,0.0,-3.0147186961989405,Jun 08
2021-06-08 09:00:00,425.0,,311.93075244862536,0.0,-3.0147186961989405,Jun 08
2021-06-08 12:00:00,430.0,,311.6937107659079,0.0,-3.2517603789164014,Jun 08
2021-06-08 15:00:00,,,,,,Jun 08
2021-06-08 18:00:00,430.0,,311.6937107659079,0.0,-3.2517603789164014,Jun 08
2021-06-08 21:00:00,410.0,,312.6418774967777,0.0,-2.303593648046615,Jun 08
2021-06-09 00:00:00,415.0,,312.4048358140603,0.0,-2.540635330764019,Jun 09
2021-06-09 03:00:00,415.0,,312.4048358140603,0.0,-2.540635330764019,Jun 09
2021-06-09 06:00:00,408.0,,312.7366941698647,0.0,-2.208776974959619,Jun 09
2021-06-09 09:00:00,410.0,,312.6418774967777,0.0,-2.303593648046615,Jun 09
2021-06-09 12:00:00,410.0,,312.6418774967777,0.0,-2.303593648046615,Jun 09
2021-06-09 15:00:00,,,,,,Jun 09
2021-06-09 18:00:00,405.0,,312.87891917949514,0.0,-2.066551965329154,Jun 09
2021-06-09 21:00:00,,,,,,Jun 09
2021-06-10 00:00:00,,,,,,Jun 10
2021-06-10 03:00:00,,,,,,Jun 10
2021-06-10 06:00:00,,,,,,Jun 10
2021-06-10 09:00:00,,,,,,Jun 10
2021-06-10 12:00:00,,,,,,Jun 10
2021-06-10 15:00:00,,,,,,Jun 10
2021-06-10 18:00:00,,,,,,Jun 10
2021-06-10 21:00:00,,,,,,Jun 10
2021-06-11 00:00:00,,,,,,Jun 11
2021-06-11 03:00:00,,,,,,Jun 11
2021-06-11 06:00:00,,,,,,Jun 11
2021-06-11 09:00:00,,,,,,Jun 11
2021-06-11 12:00:00,,,,,,Jun 11
2021-06-11 15:00:00,,,,,,Jun 11
2021-06-11 18:00:00,390.0,,313.59004422764747,0.0,-1.3554269171768283,Jun 11
2021-06-11 21:00:00,395.0,,313.35300254493006,0.0,-1.5924685998942323,Jun 11
2021-06-12 00:00:00,390.0,,313.59004422764747,0.0,-1.3554269171768283,Jun 12
2021-06-12 03:00:00,385.0,,313.82708591036493,0.0,-1.1183852344593674,Jun 12
2021-06-12 06:00:00,385.0,,313.82708591036493,0.0,-1.1183852344593674,Jun 12
2021-06-12 09:00:00,364.0,,314.8226609777782,0.0,-0.12281016704611147,Jun 12
2021-06-12 12:00:00,385.0,,313.82708591036493,0.0,-1.1183852344593674,Jun 12
2021-06-12 15:00:00,385.0,,313.82708591036493,0.0,-1.1183852344593674,Jun 12
2021-06-12 18:00:00,390.0,,313.59004422764747,0.0,-1.3554269171768283,Jun 12
2021-06-12 21:00:00,385.0,,313.82708591036493,0.0,-1.1183852344593674,Jun 12
2021-06-13 00:00:00,395.0,,313.35300254493006,0.0,-1.5924685998942323,Jun 13
2021-06-13 03:00:00,390.0,,313.59004422764747,0.0,-1.3554269171768283,Jun 13
2021-06-13 06:00:00,363.0,,314.8700693143217,0.0,-0.0754018305025852,Jun 13
2021-06-13 09:00:00,363.0,,314.8700693143217,0.0,-0.0754018305025852,Jun 13
2021-06-13 12:00:00,362.0,,314.9174776508652,0.0,-0.027993493959115767,Jun 13
2021-06-13 15:00:00,,,,,,Jun 13
2021-06-13 18:00:00,390.0,,313.59004422764747,0.0,-1.3554269171768283,Jun 13
2021-06-13 21:00:00,390.0,,313.59004422764747,0.0,-1.3554269171768283,Jun 13
2021-06-14 00:00:00,390.0,,313.59004422764747,0.0,-1.3554269171768283,Jun 14
2021-06-14 03:00:00,359.0,,315.05970266049565,0.0,0.11423151567134937,Jun 14
2021-06-14 06:00:00,356.0,,315.2019276701261,0.0,0.2564565253018145,Jun 14
2021-06-14 09:00:00,355.0,,315.24933600666964,0.0,0.3038648618453408,Jun 14
2021-06-14 12:00:00,354.0,,315.2967443432131,0.0,0.3512731983888102,Jun 14
2021-06-14 15:00:00,,0.813825,,,,Jun 14
2021-06-14 18:00:00,380.0,,314.0641275930824,0.0,-0.8813435517419066,Jun 14
2021-06-14 21:00:00,385.0,,313.82708591036493,0.0,-1.1183852344593674,Jun 14
2021-06-15 00:00:00,380.0,0.225827273,314.0641275930824,0.0,-0.8813435517419066,Jun 15
2021-06-15 03:00:00,347.0,0.129175,315.6286026990175,0.0,0.6831315541932099,Jun 15
2021-06-15 06:00:00,360.0,,315.0122943239522,0.0,0.06682317912787994,Jun 15
2021-06-15 09:00:00,347.0,,315.6286026990175,0.0,0.6831315541932099,Jun 15
2021-06-15 12:00:00,342.0,,315.86564438173497,0.0,0.9201732369106708,Jun 15
2021-06-15 15:00:00,,,,,,Jun 15
2021-06-15 18:00:00,375.0,,314.30116927579985,0.0,-0.6443018690244458,Jun 15
2021-06-15 21:00:00,346.0,,315.67601103556103,0.0,0.7305398907367362,Jun 15
2021-06-16 00:00:00,358.0,,315.1071109970392,0.0,0.16163985221487565,Jun 16
2021-06-16 03:00:00,346.0,,315.67601103556103,0.0,0.7305398907367362,Jun 16
2021-06-16 06:00:00,346.0,,315.67601103556103,0.0,0.7305398907367362,Jun 16
2021-06-16 09:00:00,342.0,,315.86564438173497,0.0,0.9201732369106708,Jun 16
2021-06-16 12:00:00,342.0,,315.86564438173497,0.0,0.9201732369106708,Jun 16
2021-06-16 15:00:00,,,,,,Jun 16
2021-06-16 18:00:00,346.0,,315.67601103556103,0.0,0.7305398907367362,Jun 16
2021-06-16 21:00:00,345.0,,315.7234193721045,0.0,0.7779482272802056,Jun 16
2021-06-17 00:00:00,345.0,,315.7234193721045,0.0,0.7779482272802056,Jun 17
2021-06-17 03:00:00,353.0,,315.3441526797566,0.0,0.39868153493227965,Jun 17
2021-06-17 06:00:00,345.0,,315.7234193721045,0.0,0.7779482272802056,Jun 17
2021-06-17 09:00:00,346.0,,315.67601103556103,0.0,0.7305398907367362,Jun 17
2021-06-17 12:00:00,345.0,,315.7234193721045,0.0,0.7779482272802056,Jun 17
2021-06-17 15:00:00,,,,,,Jun 17
2021-06-17 18:00:00,344.0,,315.77082770864797,0.0,0.8253565638236751,Jun 17
2021-06-17 21:00:00,343.0,,315.8182360451915,0.0,0.8727649003672013,Jun 17
2021-06-18 00:00:00,343.0,,315.8182360451915,0.0,0.8727649003672013,Jun 18
2021-06-18 03:00:00,345.0,,315.7234193721045,0.0,0.7779482272802056,Jun 18
2021-06-18 06:00:00,341.0,,315.91305271827844,0.0,0.9675815734541402,Jun 18
2021-06-18 09:00:00,344.0,,315.77082770864797,0.0,0.8253565638236751,Jun 18
2021-06-18 12:00:00,340.0,,315.96046105482196,0.0,1.0149899099976665,Jun 18
2021-06-18 15:00:00,,,,,,Jun 18
2021-06-18 18:00:00,344.0,,315.77082770864797,0.0,0.8253565638236751,Jun 18
2021-06-18 21:00:00,390.0,,313.59004422764747,0.0,-1.3554269171768283,Jun 18
2021-06-19 00:00:00,345.0,,315.7234193721045,0.0,0.7779482272802056,Jun 19
2021-06-19 03:00:00,341.0,,315.91305271827844,0.0,0.9675815734541402,Jun 19
2021-06-19 06:00:00,341.0,,315.91305271827844,0.0,0.9675815734541402,Jun 19
2021-06-19 09:00:00,341.0,,315.91305271827844,0.0,0.9675815734541402,Jun 19
2021-06-19 12:00:00,351.0,,315.43896935284357,0.0,0.49349820801927535,Jun 19
2021-06-19 15:00:00,,,,,,Jun 19
2021-06-19 18:00:00,343.0,,315.8182360451915,0.0,0.8727649003672013,Jun 19
2021-06-19 21:00:00,390.0,,313.59004422764747,0.0,-1.3554269171768283,Jun 19
2021-06-20 00:00:00,390.0,,313.59004422764747,0.0,-1.3554269171768283,Jun 20
2021-06-20 03:00:00,385.0,,313.82708591036493,0.0,-1.1183852344593674,Jun 20
2021-06-20 06:00:00,340.0,,315.96046105482196,0.0,1.0149899099976665,Jun 20
2021-06-20 09:00:00,341.0,,315.91305271827844,0.0,0.9675815734541402,Jun 20
2021-06-20 12:00:00,340.0,,315.96046105482196,0.0,1.0149899099976665,Jun 20
2021-06-20 15:00:00,,,,,,Jun 20
2021-06-20 18:00:00,390.0,,313.59004422764747,0.0,-1.3554269171768283,Jun 20
2021-06-20 21:00:00,357.0,,315.15451933358264,0.0,0.20904818875834508,Jun 20
2021-06-21 00:00:00,365.0,,314.7752526412347,0.0,-0.1702185035895809,Jun 21
2021-06-21 03:00:00,347.0,,315.6286026990175,0.0,0.6831315541932099,Jun 21
2021-06-21 06:00:00,347.0,,315.6286026990175,0.0,0.6831315541932099,Jun 21
2021-06-21 09:00:00,340.0,,315.96046105482196,0.0,1.0149899099976665,Jun 21
2021-06-21 12:00:00,347.0,,315.6286026990175,0.0,0.6831315541932099,Jun 21
2021-06-21 15:00:00,,,,,,Jun 21
2021-06-21 18:00:00,390.0,,313.59004422764747,0.0,-1.3554269171768283,Jun 21
2021-06-21 21:00:00,356.0,,315.2019276701261,0.0,0.2564565253018145,Jun 21
2021-06-22 00:00:00,366.0,,314.72784430469125,0.0,-0.21762684013305034,Jun 22
2021-06-22 03:00:00,365.0,,314.7752526412347,0.0,-0.1702185035895809,Jun 22
2021-06-22 06:00:00,390.0,,313.59004422764747,0.0,-1.3554269171768283,Jun 22
2021-06-22 09:00:00,349.0,,315.53378602593057,0.0,0.5883148811062711,Jun 22
2021-06-22 12:00:00,390.0,,313.59004422764747,0.0,-1.3554269171768283,Jun 22
2021-06-22 15:00:00,,,,,,Jun 22
2021-06-22 18:00:00,390.0,,313.59004422764747,0.0,-1.3554269171768283,Jun 22
2021-06-22 21:00:00,395.0,,313.35300254493006,0.0,-1.5924685998942323,Jun 22
2021-06-23 00:00:00,369.0,,314.5856192950608,0.0,-0.3598518497635155,Jun 23
2021-06-23 03:00:00,395.0,,313.35300254493006,0.0,-1.5924685998942323,Jun 23
2021-06-23 06:00:00,395.0,,313.35300254493006,0.0,-1.5924685998942323,Jun 23
2021-06-23 09:00:00,390.0,,313.59004422764747,0.0,-1.3554269171768283,Jun 23
2021-06-23 12:00:00,390.0,,313.59004422764747,0.0,-1.3554269171768283,Jun 23
2021-06-23 15:00:00,,,,,,Jun 23
2021-06-23 18:00:00,390.0,,313.59004422764747,0.0,-1.3554269171768283,Jun 23
2021-06-23 21:00:00,390.0,,313.59004422764747,0.0,-1.3554269171768283,Jun 23
2021-06-24 00:00:00,390.0,,313.59004422764747,0.0,-1.3554269171768283,Jun 24
2021-06-24 03:00:00,360.0,,315.0122943239522,0.0,0.06682317912787994,Jun 24
2021-06-24 06:00:00,355.0,,315.24933600666964,0.0,0.3038648618453408,Jun 24
2021-06-24 09:00:00,341.0,,315.91305271827844,0.0,0.9675815734541402,Jun 24
2021-06-24 12:00:00,342.0,,315.86564438173497,0.0,0.9201732369106708,Jun 24
2021-06-24 15:00:00,342.0,,315.86564438173497,0.0,0.9201732369106708,Jun 24
2021-06-24 18:00:00,370.0,0.133325,314.53821095851725,0.0,-0.40726018630704175,Jun 24
2021-06-24 21:00:00,355.0,0.3150875,315.24933600666964,0.0,0.3038648618453408,Jun 24
2021-06-25 00:00:00,333.0,0.583042857,316.29231941062636,0.0,1.3468482658020662,Jun 25
2021-06-25 03:00:00,323.0,0.5913375,316.7664027760613,0.0,1.8209316312369879,Jun 25
2021-06-25 06:00:00,328.0,0.5616,316.5293610933438,0.0,1.583889948519527,Jun 25
2021-06-25 09:00:00,332.0,0.4255875,316.3397277471699,0.0,1.3942566023455925,Jun 25
2021-06-25 12:00:00,,0.288454545,,,,Jun 25
2021-06-25 15:00:00,,0.185416667,,,,Jun 25
2021-06-25 18:00:00,360.0,0.162385714,315.0122943239522,0.0,0.06682317912787994,Jun 25
2021-06-25 21:00:00,360.0,0.17556,315.0122943239522,0.0,0.06682317912787994,Jun 25
2021-06-26 00:00:00,322.0,0.276942857,316.81381111260475,0.0,1.8683399677804573,Jun 26
2021-06-26 03:00:00,323.0,0.379257143,316.7664027760613,0.0,1.8209316312369879,Jun 26
2021-06-26 06:00:00,323.0,0.378371429,316.7664027760613,0.0,1.8209316312369879,Jun 26
2021-06-26 09:00:00,335.0,0.3223,316.19750273753937,0.0,1.2520315927150705,Jun 26
2021-06-26 12:00:00,,0.243844444,,,,Jun 26
2021-06-26 15:00:00,337.0,0.1946875,316.1026860644524,0.0,1.1572149196281316,Jun 26
2021-06-26 18:00:00,355.0,0.200757143,315.24933600666964,0.0,0.3038648618453408,Jun 26
2021-06-26 21:00:00,370.0,0.2629,314.53821095851725,0.0,-0.40726018630704175,Jun 26
2021-06-27 00:00:00,323.0,0.406685714,316.7664027760613,0.0,1.8209316312369879,Jun 27
2021-06-27 03:00:00,323.0,0.4031,316.7664027760613,0.0,1.8209316312369879,Jun 27
2021-06-27 06:00:00,323.0,0.350533333,316.7664027760613,0.0,1.8209316312369879,Jun 27
2021-06-27 09:00:00,323.0,0.32248,316.7664027760613,0.0,1.8209316312369879,Jun 27
2021-06-27 12:00:00,,0.207271429,,,,Jun 27
2021-06-27 15:00:00,350.0,0.15484,315.48637768938704,0.0,0.5409065445627448,Jun 27
2021-06-27 18:00:00,360.0,0.090933333,315.0122943239522,0.0,0.06682317912787994,Jun 27
2021-06-27 21:00:00,360.0,,315.0122943239522,0.0,0.06682317912787994,Jun 27
2021-06-28 00:00:00,345.0,0.0754375,315.7234193721045,0.0,0.7779482272802056,Jun 28
2021-06-28 03:00:00,360.0,0.175766667,315.0122943239522,0.0,0.06682317912787994,Jun 28
2021-06-28 06:00:00,350.0,0.191275,315.48637768938704,0.0,0.5409065445627448,Jun 28
2021-06-28 09:00:00,338.0,0.190072727,316.0552777279089,0.0,1.1098065830846053,Jun 28
2021-06-28 12:00:00,,0.139627273,,,,Jun 28
2021-06-28 15:00:00,,0.085342857,,,,Jun 28
2021-06-28 18:00:00,330.0,,316.4345444202568,0.0,1.4890732754325313,Jun 28
2021-06-28 21:00:00,330.0,0.1779375,316.4345444202568,0.0,1.4890732754325313,Jun 28
2021-06-29 00:00:00,322.0,0.4069,316.81381111260475,0.0,1.8683399677804573,Jun 29
2021-06-29 03:00:00,322.0,0.519057143,316.81381111260475,0.0,1.8683399677804573,Jun 29
2021-06-29 06:00:00,321.0,0.491875,316.8612194491482,0.0,1.9157483043239267,Jun 29
2021-06-29 09:00:00,321.0,0.423671429,316.8612194491482,0.0,1.9157483043239267,Jun 29
2021-06-29 12:00:00,,0.256033333,,,,Jun 29
2021-06-29 15:00:00,337.0,0.1778,316.1026860644524,0.0,1.1572149196281316,Jun 29
2021-06-29 18:00:00,327.0,0.171425,316.5767694298873,0.0,1.6312982850629965,Jun 29
2021-06-29 21:00:00,355.0,0.323083333,315.24933600666964,0.0,0.3038648618453408,Jun 29
2021-06-30 00:00:00,355.0,0.507627273,315.24933600666964,0.0,0.3038648618453408,Jun 30
2021-06-30 03:00:00,345.0,0.57,315.7234193721045,0.0,0.7779482272802056,Jun 30
2021-06-30 06:00:00,340.0,0.5421,315.96046105482196,0.0,1.0149899099976665,Jun 30
2021-06-30 09:00:00,330.0,0.485322222,316.4345444202568,0.0,1.4890732754325313,Jun 30
2021-06-30 12:00:00,,0.35783,,,,Jun 30
2021-06-30 15:00:00,336.0,0.2400375,316.1500944009959,0.0,1.204623256171601,Jun 30
2021-06-30 18:00:00,350.0,0.1963,315.48637768938704,0.0,0.5409065445627448,Jun 30
2021-06-30 21:00:00,342.0,0.15165,315.86564438173497,0.0,0.9201732369106708,Jun 30
2021-07-01 00:00:00,350.0,0.123228571,315.48637768938704,0.0,0.5409065445627448,Jul 01
2021-07-01 03:00:00,350.0,0.088775,315.48637768938704,0.0,0.5409065445627448,Jul 01
2021-07-01 06:00:00,360.0,,315.0122943239522,0.0,0.06682317912787994,Jul 01
2021-07-01 09:00:00,365.0,,314.7752526412347,0.0,-0.1702185035895809,Jul 01
2021-07-01 12:00:00,,,,,,Jul 01
2021-07-01 15:00:00,,,,,,Jul 01
2021-07-01 18:00:00,370.0,,314.53821095851725,0.0,-0.40726018630704175,Jul 01
2021-07-01 21:00:00,380.0,,314.0641275930824,0.0,-0.8813435517419066,Jul 01
2021-07-02 00:00:00,390.0,,313.59004422764747,0.0,-1.3554269171768283,Jul 02
2021-07-02 03:00:00,385.0,,313.82708591036493,0.0,-1.1183852344593674,Jul 02
2021-07-02 06:00:00,390.0,,313.59004422764747,0.0,-1.3554269171768283,Jul 02
2021-07-02 09:00:00,385.0,,313.82708591036493,0.0,-1.1183852344593674,Jul 02
2021-07-02 12:00:00,,,,,,Jul 02
2021-07-02 15:00:00,400.0,,313.1159608622126,0.0,-1.8295102826116931,Jul 02
2021-07-02 18:00:00,381.0,,314.01671925653886,0.0,-0.9287518882854329,Jul 02
2021-07-02 21:00:00,391.0,,313.542635891104,0.0,-1.4028352537202977,Jul 02
2021-07-03 00:00:00,400.0,,313.1159608622126,0.0,-1.8295102826116931,Jul 03
2021-07-03 03:00:00,405.0,,312.87891917949514,0.0,-2.066551965329154,Jul 03
2021-07-03 06:00:00,397.0,,313.25818587184307,0.0,-1.687285272981228,Jul 03
2021-07-03 09:00:00,405.0,,312.87891917949514,0.0,-2.066551965329154,Jul 03
2021-07-03 12:00:00,400.0,,313.1159608622126,0.0,-1.8295102826116931,Jul 03
2021-07-03 15:00:00,400.0,,313.1159608622126,0.0,-1.8295102826116931,Jul 03
2021-07-03 18:00:00,400.0,,313.1159608622126,0.0,-1.8295102826116931,Jul 03
2021-07-03 21:00:00,388.0,,313.68486090073446,0.0,-1.2606102440898326,Jul 03
2021-07-04 00:00:00,398.0,,313.2107775352996,0.0,-1.7346936095246974,Jul 04
2021-07-04 03:00:00,387.0,,313.73226923727793,0.0,-1.2132019075463631,Jul 04
2021-07-04 06:00:00,386.0,,313.77967757382146,0.0,-1.1657935710028369,Jul 04
2021-07-04 09:00:00,405.0,,312.87891917949514,0.0,-2.066551965329154,Jul 04
2021-07-04 12:00:00,,,,,,Jul 04
2021-07-04 15:00:00,381.0,,314.01671925653886,0.0,-0.9287518882854329,Jul 04
2021-07-04 18:00:00,407.0,,312.78410250640815,0.0,-2.1613686384161497,Jul 04
2021-07-04 21:00:00,413.0,,312.4996524871472,0.0,-2.44581865767708,Jul 04
2021-07-05 00:00:00,401.0,,313.06855252566913,0.0,-1.8769186191551626,Jul 05
2021-07-05 03:00:00,402.0,,313.0211441891256,0.0,-1.9243269556986888,Jul 05
2021-07-05 06:00:00,405.0,,312.87891917949514,0.0,-2.066551965329154,Jul 05
2021-07-05 09:00:00,387.0,,313.73226923727793,0.0,-1.2132019075463631,Jul 05
2021-07-05 12:00:00,,,,,,Jul 05
2021-07-05 15:00:00,400.0,,313.1159608622126,0.0,-1.8295102826116931,Jul 05
2021-07-05 18:00:00,377.0,,314.20635260271285,0.0,-0.7391185421114415,Jul 05
2021-07-05 21:00:00,388.0,,313.68486090073446,0.0,-1.2606102440898326,Jul 05
2021-07-06 00:00:00,405.0,,312.87891917949514,0.0,-2.066551965329154,Jul 06
2021-07-06 03:00:00,405.0,,312.87891917949514,0.0,-2.066551965329154,Jul 06
2021-07-06 06:00:00,401.0,,313.06855252566913,0.0,-1.8769186191551626,Jul 06
2021-07-06 09:00:00,410.0,,312.6418774967777,0.0,-2.303593648046615,Jul 06
2021-07-06 12:00:00,,,,,,Jul 06
2021-07-06 15:00:00,400.0,,313.1159608622126,0.0,-1.8295102826116931,Jul 06
2021-07-06 18:00:00,376.0,,314.2537609392563,0.0,-0.691710205567972,Jul 06
2021-07-06 21:00:00,400.0,,313.1159608622126,0.0,-1.8295102826116931,Jul 06
2021-07-07 00:00:00,384.0,,313.8744942469084,0.0,-1.070976897915898,Jul 07
2021-07-07 03:00:00,388.0,,313.68486090073446,0.0,-1.2606102440898326,Jul 07
2021-07-07 06:00:00,400.0,,313.1159608622126,0.0,-1.8295102826116931,Jul 07
2021-07-07 09:00:00,381.0,,314.01671925653886,0.0,-0.9287518882854329,Jul 07
2021-07-07 12:00:00,,,,,,Jul 07
2021-07-07 15:00:00,395.0,,313.35300254493006,0.0,-1.5924685998942323,Jul 07
2021-07-07 18:00:00,400.0,,313.1159608622126,0.0,-1.8295102826116931,Jul 07
2021-07-07 21:00:00,400.0,,313.1159608622126,0.0,-1.8295102826116931,Jul 07
2021-07-08 00:00:00,379.0,,314.11153592962586,0.0,-0.8339352151984372,Jul 08
2021-07-08 03:00:00,360.0,,315.0122943239522,0.0,0.06682317912787994,Jul 08
2021-07-08 06:00:00,385.0,,313.82708591036493,0.0,-1.1183852344593674,Jul 08
2021-07-08 09:00:00,385.0,,313.82708591036493,0.0,-1.1183852344593674,Jul 08
2021-07-08 12:00:00,,,,,,Jul 08
2021-07-08 15:00:00,380.0,,314.0641275930824,0.0,-0.8813435517419066,Jul 08
2021-07-08 18:00:00,390.0,,313.59004422764747,0.0,-1.3554269171768283,Jul 08
2021-07-08 21:00:00,385.0,,313.82708591036493,0.0,-1.1183852344593674,Jul 08
2021-07-09 00:00:00,363.0,,314.8700693143217,0.0,-0.0754018305025852,Jul 09
2021-07-09 03:00:00,380.0,,314.0641275930824,0.0,-0.8813435517419066,Jul 09
2021-07-09 06:00:00,380.0,,314.0641275930824,0.0,-0.8813435517419066,Jul 09
2021-07-09 09:00:00,380.0,,314.0641275930824,0.0,-0.8813435517419066,Jul 09
2021-07-09 12:00:00,,,,,,Jul 09
2021-07-09 15:00:00,385.0,,313.82708591036493,0.0,-1.1183852344593674,Jul 09
2021-07-09 18:00:00,354.0,,315.2967443432131,0.0,0.3512731983888102,Jul 09
2021-07-09 21:00:00,346.0,,315.67601103556103,0.0,0.7305398907367362,Jul 09
2021-07-10 00:00:00,375.0,,314.30116927579985,0.0,-0.6443018690244458,Jul 10
2021-07-10 03:00:00,355.0,0.247990909,315.24933600666964,0.0,0.3038648618453408,Jul 10
2021-07-10 06:00:00,337.0,0.291328571,316.1026860644524,0.0,1.1572149196281316,Jul 10
2021-07-10 09:00:00,336.0,0.24688,316.1500944009959,0.0,1.204623256171601,Jul 10
2021-07-10 12:00:00,,0.129314286,,,,Jul 10
2021-07-10 15:00:00,332.0,,316.3397277471699,0.0,1.3942566023455925,Jul 10
2021-07-10 18:00:00,365.0,,314.7752526412347,0.0,-0.1702185035895809,Jul 10
2021-07-10 21:00:00,370.0,,314.53821095851725,0.0,-0.40726018630704175,Jul 10
2021-07-11 00:00:00,353.0,,315.3441526797566,0.0,0.39868153493227965,Jul 11
2021-07-11 03:00:00,360.0,,315.0122943239522,0.0,0.06682317912787994,Jul 11
2021-07-11 06:00:00,370.0,,314.53821095851725,0.0,-0.40726018630704175,Jul 11
2021-07-11 09:00:00,328.0,,316.5293610933438,0.0,1.583889948519527,Jul 11
2021-07-11 12:00:00,,,,,,Jul 11
2021-07-11 15:00:00,347.0,,315.6286026990175,0.0,0.6831315541932099,Jul 11
2021-07-11 18:00:00,370.0,,314.53821095851725,0.0,-0.40726018630704175,Jul 11
2021-07-11 21:00:00,345.0,,315.7234193721045,0.0,0.7779482272802056,Jul 11
2021-07-12 00:00:00,360.0,,315.0122943239522,0.0,0.06682317912787994,Jul 12
2021-07-12 03:00:00,365.0,,314.7752526412347,0.0,-0.1702185035895809,Jul 12
2021-07-12 06:00:00,370.0,,314.53821095851725,0.0,-0.40726018630704175,Jul 12
2021-07-12 09:00:00,370.0,,314.53821095851725,0.0,-0.40726018630704175,Jul 12
2021-07-12 12:00:00,,,,,,Jul 12
2021-07-12 15:00:00,375.0,,314.30116927579985,0.0,-0.6443018690244458,Jul 12
2021-07-12 18:00:00,375.0,,314.30116927579985,0.0,-0.6443018690244458,Jul 12
2021-07-12 21:00:00,341.0,,315.91305271827844,0.0,0.9675815734541402,Jul 12
2021-07-13 00:00:00,360.0,0.40143,315.0122943239522,0.0,0.06682317912787994,Jul 13
2021-07-13 03:00:00,340.0,0.573783333,315.96046105482196,0.0,1.0149899099976665,Jul 13
2021-07-13 06:00:00,328.0,0.6182,316.5293610933438,0.0,1.583889948519527,Jul 13
2021-07-13 09:00:00,339.0,0.641736364,316.00786939136543,0.0,1.062398246541136,Jul 13
2021-07-13 12:00:00,,0.61874,,,,Jul 13
2021-07-13 15:00:00,330.0,0.612642857,316.4345444202568,0.0,1.4890732754325313,Jul 13
2021-07-13 18:00:00,328.0,0.6736,316.5293610933438,0.0,1.583889948519527,Jul 13
2021-07-13 21:00:00,321.0,0.8517,316.8612194491482,0.0,1.9157483043239267,Jul 13
2021-07-14 00:00:00,320.0,0.973614286,316.90862778569175,0.0,1.963156640867453,Jul 14
2021-07-14 03:00:00,320.0,0.936171429,316.90862778569175,0.0,1.963156640867453,Jul 14
2021-07-14 06:00:00,330.0,0.8961,316.4345444202568,0.0,1.4890732754325313,Jul 14
2021-07-14 09:00:00,312.0,0.6553,317.2878944780397,0.0,2.342423333215379,Jul 14
2021-07-14 12:00:00,,0.435857143,,,,Jul 14
2021-07-14 15:00:00,340.0,0.34825,315.96046105482196,0.0,1.0149899099976665,Jul 14
2021-07-14 18:00:00,323.0,0.2977,316.7664027760613,0.0,1.8209316312369879,Jul 14
2021-07-14 21:00:00,345.0,0.42445,315.7234193721045,0.0,0.7779482272802056,Jul 14
2021-07-15 00:00:00,330.0,0.531736364,316.4345444202568,0.0,1.4890732754325313,Jul 15
2021-07-15 03:00:00,330.0,0.56417,316.4345444202568,0.0,1.4890732754325313,Jul 15
2021-07-15 06:00:00,330.0,0.512058333,316.4345444202568,0.0,1.4890732754325313,Jul 15
2021-07-15 09:00:00,340.0,0.417975,315.96046105482196,0.0,1.0149899099976665,Jul 15
2021-07-15 12:00:00,,0.2737,,,,Jul 15
2021-07-15 15:00:00,335.0,0.173328571,316.19750273753937,0.0,1.2520315927150705,Jul 15
2021-07-15 18:00:00,357.0,0.121485714,315.15451933358264,0.0,0.20904818875834508,Jul 15
2021-07-15 21:00:00,331.0,0.089525,316.38713608371336,0.0,1.4416649388890619,Jul 15
2021-07-16 00:00:00,360.0,,315.0122943239522,0.0,0.06682317912787994,Jul 16
2021-07-16 03:00:00,355.0,,315.24933600666964,0.0,0.3038648618453408,Jul 16
2021-07-16 06:00:00,360.0,,315.0122943239522,0.0,0.06682317912787994,Jul 16
2021-07-16 09:00:00,365.0,,314.7752526412347,0.0,-0.1702185035895809,Jul 16
2021-07-16 12:00:00,,,,,,Jul 16
2021-07-16 15:00:00,370.0,,314.53821095851725,0.0,-0.40726018630704175,Jul 16
2021-07-16 18:00:00,375.0,,314.30116927579985,0.0,-0.6443018690244458,Jul 16
2021-07-16 21:00:00,350.0,,315.48637768938704,0.0,0.5409065445627448,Jul 16
2021-07-17 00:00:00,375.0,,314.30116927579985,0.0,-0.6443018690244458,Jul 17
2021-07-17 03:00:00,360.0,,315.0122943239522,0.0,0.06682317912787994,Jul 17
2021-07-17 06:00:00,359.0,,315.05970266049565,0.0,0.11423151567134937,Jul 17
2021-07-17 09:00:00,375.0,,314.30116927579985,0.0,-0.6443018690244458,Jul 17
2021-07-17 12:00:00,,,,,,Jul 17
2021-07-17 15:00:00,380.0,,314.0641275930824,0.0,-0.8813435517419066,Jul 17
2021-07-17 18:00:00,390.0,,313.59004422764747,0.0,-1.3554269171768283,Jul 17
2021-07-17 21:00:00,359.0,,315.05970266049565,0.0,0.11423151567134937,Jul 17
2021-07-18 00:00:00,366.0,,314.72784430469125,0.0,-0.21762684013305034,Jul 18
2021-07-18 03:00:00,400.0,,313.1159608622126,0.0,-1.8295102826116931,Jul 18
2021-07-18 06:00:00,400.0,,313.1159608622126,0.0,-1.8295102826116931,Jul 18
2021-07-18 09:00:00,400.0,,313.1159608622126,0.0,-1.8295102826116931,Jul 18
2021-07-18 12:00:00,,,,,,Jul 18
2021-07-18 15:00:00,391.0,,313.542635891104,0.0,-1.4028352537202977,Jul 18
2021-07-18 18:00:00,400.0,,313.1159608622126,0.0,-1.8295102826116931,Jul 18
2021-07-18 21:00:00,391.0,,313.542635891104,0.0,-1.4028352537202977,Jul 18
2021-07-19 00:00:00,385.0,,313.82708591036493,0.0,-1.1183852344593674,Jul 19
2021-07-19 03:00:00,405.0,,312.87891917949514,0.0,-2.066551965329154,Jul 19
2021-07-19 06:00:00,405.0,,312.87891917949514,0.0,-2.066551965329154,Jul 19
2021-07-19 09:00:00,405.0,,312.87891917949514,0.0,-2.066551965329154,Jul 19
2021-07-19 12:00:00,,,,,,Jul 19
2021-07-19 15:00:00,400.0,,313.1159608622126,0.0,-1.8295102826116931,Jul 19
2021-07-19 18:00:00,391.0,,313.542635891104,0.0,-1.4028352537202977,Jul 19
2021-07-19 21:00:00,389.0,,313.637452564191,0.0,-1.308018580633302,Jul 19
2021-07-20 00:00:00,399.0,,313.1633691987561,0.0,-1.7821019460682237,Jul 20
2021-07-20 03:00:00,400.0,,313.1159608622126,0.0,-1.8295102826116931,Jul 20
2021-07-20 06:00:00,390.0,,313.59004422764747,0.0,-1.3554269171768283,Jul 20
2021-07-20 09:00:00,385.0,,313.82708591036493,0.0,-1.1183852344593674,Jul 20
2021-07-20 12:00:00,,,,,,Jul 20
2021-07-20 15:00:00,385.0,,313.82708591036493,0.0,-1.1183852344593674,Jul 20
2021-07-20 18:00:00,385.0,,313.82708591036493,0.0,-1.1183852344593674,Jul 20
2021-07-20 21:00:00,385.0,,313.82708591036493,0.0,-1.1183852344593674,Jul 20
2021-07-21 00:00:00,380.0,,314.0641275930824,0.0,-0.8813435517419066,Jul 21
2021-07-21 03:00:00,375.0,,314.30116927579985,0.0,-0.6443018690244458,Jul 21
2021-07-21 06:00:00,365.0,,314.7752526412347,0.0,-0.1702185035895809,Jul 21
2021-07-21 09:00:00,370.0,,314.53821095851725,0.0,-0.40726018630704175,Jul 21
2021-07-21 12:00:00,,,,,,Jul 21
2021-07-21 15:00:00,370.0,,314.53821095851725,0.0,-0.40726018630704175,Jul 21
2021-07-21 18:00:00,370.0,,314.53821095851725,0.0,-0.40726018630704175,Jul 21
2021-07-21 21:00:00,342.0,,315.86564438173497,0.0,0.9201732369106708,Jul 21
2021-07-22 00:00:00,359.0,,315.05970266049565,0.0,0.11423151567134937,Jul 22
2021-07-22 03:00:00,370.0,,314.53821095851725,0.0,-0.40726018630704175,Jul 22
2021-07-22 06:00:00,365.0,,314.7752526412347,0.0,-0.1702185035895809,Jul 22
2021-07-22 09:00:00,356.0,,315.2019276701261,0.0,0.2564565253018145,Jul 22
2021-07-22 12:00:00,,,,,,Jul 22
2021-07-22 15:00:00,370.0,,314.53821095851725,0.0,-0.40726018630704175,Jul 22
2021-07-22 18:00:00,365.0,0.0955,314.7752526412347,0.0,-0.1702185035895809,Jul 22
2021-07-22 21:00:00,326.0,0.34137,316.6241777664308,0.0,1.6787066216065227,Jul 22
2021-07-23 00:00:00,338.0,0.48922,316.0552777279089,0.0,1.1098065830846053,Jul 23
2021-07-23 03:00:00,345.0,0.527581818,315.7234193721045,0.0,0.7779482272802056,Jul 23
2021-07-23 06:00:00,321.0,0.4389,316.8612194491482,0.0,1.9157483043239267,Jul 23
2021-07-23 09:00:00,354.0,0.3059,315.2967443432131,0.0,0.3512731983888102,Jul 23
2021-07-23 12:00:00,,0.164327273,,,,Jul 23
2021-07-23 15:00:00,340.0,0.071375,315.96046105482196,0.0,1.0149899099976665,Jul 23
2021-07-23 18:00:00,360.0,,315.0122943239522,0.0,0.06682317912787994,Jul 23
2021-07-23 21:00:00,334.0,0.085918182,316.2449110740829,0.0,1.2994399292585967,Jul 23
2021-07-24 00:00:00,360.0,0.25176,315.0122943239522,0.0,0.06682317912787994,Jul 24
2021-07-24 03:00:00,350.0,0.33407,315.48637768938704,0.0,0.5409065445627448,Jul 24
2021-07-24 06:00:00,333.0,0.326133333,316.29231941062636,0.0,1.3468482658020662,Jul 24
2021-07-24 09:00:00,334.0,0.257145455,316.2449110740829,0.0,1.2994399292585967,Jul 24
2021-07-24 12:00:00,335.0,0.160154545,316.19750273753937,0.0,1.2520315927150705,Jul 24
2021-07-24 15:00:00,332.0,0.07772,316.3397277471699,0.0,1.3942566023455925,Jul 24
2021-07-24 18:00:00,333.0,,316.29231941062636,0.0,1.3468482658020662,Jul 24
2021-07-24 21:00:00,347.0,0.143527273,315.6286026990175,0.0,0.6831315541932099,Jul 24
2021-07-25 00:00:00,350.0,0.329175,315.48637768938704,0.0,0.5409065445627448,Jul 25
2021-07-25 03:00:00,345.0,0.404818182,315.7234193721045,0.0,0.7779482272802056,Jul 25
2021-07-25 06:00:00,352.0,0.372690909,315.3915610163001,0.0,0.4460898714758059,Jul 25
2021-07-25 09:00:00,333.0,0.275333333,316.29231941062636,0.0,1.3468482658020662,Jul 25
2021-07-25 12:00:00,,0.169309091,,,,Jul 25
2021-07-25 15:00:00,340.0,0.08138,315.96046105482196,0.0,1.0149899099976665,Jul 25
2021-07-25 18:00:00,360.0,0.071891667,315.0122943239522,0.0,0.06682317912787994,Jul 25
2021-07-25 21:00:00,330.0,0.235527273,316.4345444202568,0.0,1.4890732754325313,Jul 25
2021-07-26 00:00:00,350.0,0.3999,315.48637768938704,0.0,0.5409065445627448,Jul 26
2021-07-26 03:00:00,350.0,0.422018182,315.48637768938704,0.0,0.5409065445627448,Jul 26
2021-07-26 06:00:00,320.0,0.354390909,316.90862778569175,0.0,1.963156640867453,Jul 26
2021-07-26 09:00:00,334.0,0.253655556,316.2449110740829,0.0,1.2994399292585967,Jul 26
2021-07-26 12:00:00,,0.156545455,,,,Jul 26
2021-07-26 15:00:00,340.0,0.072158333,315.96046105482196,0.0,1.0149899099976665,Jul 26
2021-07-26 18:00:00,360.0,,315.0122943239522,0.0,0.06682317912787994,Jul 26
2021-07-26 21:00:00,333.0,,316.29231941062636,0.0,1.3468482658020662,Jul 26
2021-07-27 00:00:00,350.0,0.1571,315.48637768938704,0.0,0.5409065445627448,Jul 27
2021-07-27 03:00:00,350.0,0.252725,315.48637768938704,0.0,0.5409065445627448,Jul 27
2021-07-27 06:00:00,350.0,0.351533333,315.48637768938704,0.0,0.5409065445627448,Jul 27
2021-07-27 09:00:00,345.0,0.538381818,315.7234193721045,0.0,0.7779482272802056,Jul 27
2021-07-27 12:00:00,330.0,0.9385,316.4345444202568,0.0,1.4890732754325313,Jul 27
2021-07-27 15:00:00,320.0,1.399318182,316.90862778569175,0.0,1.963156640867453,Jul 27
2021-07-27 18:00:00,286.0,1.8486,318.49330289769887,1.0,3.547831752874572,Jul 27
2021-07-27 21:00:00,280.0,2.024133333,318.78477163426163,1.0,3.839300489437335,Jul 27
2021-07-28 00:00:00,274.0,2.056836364,319.09622962046933,1.0,4.150758475645034,Jul 28
2021-07-28 03:00:00,295.0,2.00315,318.11308742132155,1.0,3.167616276497256,Jul 28
2021-07-28 06:00:00,294.0,1.87545,318.1570022295331,1.0,3.2115310847087812,Jul 28
2021-07-28 09:00:00,293.0,1.636516667,318.202749978995,1.0,3.257278834170677,Jul 28
2021-07-28 12:00:00,,1.600472727,,,,Jul 28
2021-07-28 15:00:00,299.0,1.939345455,317.91304919301683,1.0,2.967578048192536,Jul 28
2021-07-28 18:00:00,312.0,2.751066667,317.2878944780397,0.0,2.342423333215379,Jul 28
2021-07-28 21:00:00,275.0,3.79263,319.04217465845056,1.0,4.096703513626267,Jul 28
2021-07-29 00:00:00,264.0,3.840763636,319.615048470501,1.0,4.669577325676698,Jul 29
2021-07-29 03:00:00,263.0,2.94499,319.6617306082163,1.0,4.716259463392021,Jul 29
2021-07-29 06:00:00,274.0,2.404881818,319.09622962046933,1.0,4.150758475645034,Jul 29
2021-07-29 09:00:00,,2.2001,,,,Jul 29
2021-07-29 12:00:00,285.0,2.134972727,318.53821090978994,1.0,3.5927397649656427,Jul 29
2021-07-29 15:00:00,280.0,2.169166667,318.78477163426163,1.0,3.839300489437335,Jul 29
2021-07-29 18:00:00,286.0,2.032727273,318.49330289769887,1.0,3.547831752874572,Jul 29
2021-07-29 21:00:00,297.0,2.185158333,318.0171781970621,1.0,3.071707052237798,Jul 29
2021-07-30 00:00:00,278.0,2.441436364,318.8876315174421,1.0,3.9421603726178205,Jul 30
2021-07-30 03:00:00,281.0,2.213858333,318.7369124913584,1.0,3.7914413465341,Jul 30
2021-07-30 06:00:00,288.0,1.560590909,318.40819759375785,1.0,3.4627264489335516,Jul 30
2021-07-30 09:00:00,,1.036318182,,,,Jul 30
2021-07-30 12:00:00,337.0,0.67565,316.1026860644524,0.0,1.1572149196281316,Jul 30
2021-07-30 15:00:00,307.0,0.5182,317.5249361607571,0.0,2.579465015932783,Jul 30
2021-07-30 18:00:00,320.0,,316.90862778569175,0.0,1.963156640867453,Jul 30
2021-07-30 21:00:00,302.0,,317.76197784347454,0.0,2.816506698650244,Jul 30
2021-07-31 00:00:00,283.0,,318.6344717371547,1.0,3.6890005923303875,Jul 31
2021-07-31 03:00:00,288.0,,318.40819759375785,1.0,3.4627264489335516,Jul 31
2021-07-31 06:00:00,293.0,,318.202749978995,1.0,3.257278834170677,Jul 31
2021-07-31 09:00:00,277.0,,318.9412104685297,1.0,3.9957393237053793,Jul 31
2021-07-31 12:00:00,279.0,,318.83262662907487,1.0,3.8871554842505702,Jul 31
2021-07-31 15:00:00,281.0,,318.7369124913584,1.0,3.7914413465341,Jul 31
2021-07-31 18:00:00,305.0,,317.6197528338441,0.0,2.6742816890197787,Jul 31
2021-07-31 21:00:00,308.0,,317.4775278242136,0.0,2.5320566793893136,Jul 31
2021-08-01 00:00:00,316.0,,317.0982611318657,0.0,2.1527899870413876,Aug 01
2021-08-01 03:00:00,297.0,,318.0171781970621,1.0,3.071707052237798,Aug 01
2021-08-01 06:00:00,317.0,,317.0508527953222,0.0,2.105381650497918,Aug 01
2021-08-01 09:00:00,323.0,,316.7664027760613,0.0,1.8209316312369879,Aug 01
2021-08-01 12:00:00,306.0,,317.5723444973006,0.0,2.6268733524763093,Aug 01
2021-08-01 15:00:00,309.0,,317.43011948767014,0.0,2.484648342845844,Aug 01
2021-08-01 18:00:00,329.0,,316.48195275680035,0.0,1.5364816119760576,Aug 01
2021-08-01 21:00:00,310.0,,317.3827111511266,0.0,2.437240006302318,Aug 01
2021-08-02 00:00:00,301.0,0.845118182,317.809386180018,0.0,2.8639150351937133,Aug 02
2021-08-02 03:00:00,305.0,0.840733333,317.6197528338441,0.0,2.6742816890197787,Aug 02
2021-08-02 06:00:00,310.0,0.72268,317.3827111511266,0.0,2.437240006302318,Aug 02
2021-08-02 09:00:00,,0.514616667,,,,Aug 02
2021-08-02 12:00:00,316.0,0.315716667,317.0982611318657,0.0,2.1527899870413876,Aug 02
2021-08-02 15:00:00,316.0,0.159258333,317.0982611318657,0.0,2.1527899870413876,Aug 02
2021-08-02 18:00:00,330.0,0.1128,316.4345444202568,0.0,1.4890732754325313,Aug 02
2021-08-02 21:00:00,330.0,,316.4345444202568,0.0,1.4890732754325313,Aug 02
2021-08-03 00:00:00,317.0,0.57331,317.0508527953222,0.0,2.105381650497918,Aug 03
2021-08-03 03:00:00,295.0,0.681918182,318.11308742132155,1.0,3.167616276497256,Aug 03
2021-08-03 06:00:00,311.0,0.655881818,317.33530281458314,0.0,2.3898316697588484,Aug 03
2021-08-03 09:00:00,,0.576075,,,,Aug 03
2021-08-03 12:00:00,312.0,0.57942,317.2878944780397,0.0,2.342423333215379,Aug 03
2021-08-03 15:00:00,305.0,0.690875,317.6197528338441,0.0,2.6742816890197787,Aug 03
2021-08-03 18:00:00,320.0,0.84125,316.90862778569175,0.0,1.963156640867453,Aug 03
2021-08-03 21:00:00,284.0,1.09392,318.5874957098522,1.0,3.6420245650278957,Aug 03
2021-08-04 00:00:00,294.0,1.261054545,318.1570022295331,1.0,3.2115310847087812,Aug 04
2021-08-04 03:00:00,314.0,1.354981818,317.1930778049527,0.0,2.2476066601283833,Aug 04
2021-08-04 06:00:00,314.0,1.159266667,317.1930778049527,0.0,2.2476066601283833,Aug 04
2021-08-04 09:00:00,,0.897133333,,,,Aug 04
2021-08-04 12:00:00,310.0,0.65593,317.3827111511266,0.0,2.437240006302318,Aug 04
2021-08-04 15:00:00,309.0,0.500690909,317.43011948767014,0.0,2.484648342845844,Aug 04
2021-08-04 18:00:00,315.0,0.526181818,317.14566946840915,0.0,2.200198323584857,Aug 04
2021-08-04 21:00:00,314.0,0.726536364,317.1930778049527,0.0,2.2476066601283833,Aug 04
2021-08-05 00:00:00,320.0,0.868390909,316.90862778569175,0.0,1.963156640867453,Aug 05
2021-08-05 03:00:00,310.0,0.822672727,317.3827111511266,0.0,2.437240006302318,Aug 05
2021-08-05 06:00:00,301.0,0.639575,317.809386180018,0.0,2.8639150351937133,Aug 05
2021-08-05 09:00:00,,0.358988889,,,,Aug 05
2021-08-05 12:00:00,322.0,0.095833333,316.81381111260475,0.0,1.8683399677804573,Aug 05
2021-08-05 15:00:00,328.0,,316.5293610933438,0.0,1.583889948519527,Aug 05
2021-08-05 18:00:00,322.0,,316.81381111260475,0.0,1.8683399677804573,Aug 05
2021-08-05 21:00:00,360.0,,315.0122943239522,0.0,0.06682317912787994,Aug 05
2021-08-06 00:00:00,320.0,0.290936364,316.90862778569175,0.0,1.963156640867453,Aug 06
2021-08-06 03:00:00,318.0,0.396975,317.0034444587787,0.0,2.057973313954392,Aug 06
2021-08-06 06:00:00,313.0,0.315054545,317.24048614149615,0.0,2.2950149966718527,Aug 06
2021-08-06 09:00:00,,0.115575,,,,Aug 06
2021-08-06 12:00:00,327.0,,316.5767694298873,0.0,1.6312982850629965,Aug 06
2021-08-06 15:00:00,334.0,,316.2449110740829,0.0,1.2994399292585967,Aug 06
2021-08-06 18:00:00,337.0,,316.1026860644524,0.0,1.1572149196281316,Aug 06
2021-08-06 21:00:00,350.0,,315.48637768938704,0.0,0.5409065445627448,Aug 06
2021-08-07 00:00:00,350.0,,315.48637768938704,0.0,0.5409065445627448,Aug 07
2021-08-07 03:00:00,338.0,0.13594,316.0552777279089,0.0,1.1098065830846053,Aug 07
2021-08-07 06:00:00,329.0,0.075183333,316.48195275680035,0.0,1.5364816119760576,Aug 07
2021-08-07 09:00:00,,,,,,Aug 07
2021-08-07 12:00:00,327.0,,316.5767694298873,0.0,1.6312982850629965,Aug 07
2021-08-07 15:00:00,332.0,,316.3397277471699,0.0,1.3942566023455925,Aug 07
2021-08-07 18:00:00,346.0,,315.67601103556103,0.0,0.7305398907367362,Aug 07
2021-08-07 21:00:00,340.0,,315.96046105482196,0.0,1.0149899099976665,Aug 07
2021-08-08 00:00:00,325.0,0.315890909,316.6715861029743,0.0,1.7261149581499922,Aug 08
2021-08-08 03:00:00,294.0,0.400288889,318.1570022295331,1.0,3.2115310847087812,Aug 08
2021-08-08 06:00:00,315.0,0.287533333,317.14566946840915,0.0,2.200198323584857,Aug 08
2021-08-08 09:00:00,,0.170427273,,,,Aug 08
2021-08-08 12:00:00,312.0,,317.2878944780397,0.0,2.342423333215379,Aug 08
2021-08-08 15:00:00,326.0,,316.6241777664308,0.0,1.6787066216065227,Aug 08
2021-08-08 18:00:00,331.0,,316.38713608371336,0.0,1.4416649388890619,Aug 08
2021-08-08 21:00:00,345.0,,315.7234193721045,0.0,0.7779482272802056,Aug 08
2021-08-09 00:00:00,337.0,,316.1026860644524,0.0,1.1572149196281316,Aug 09
2021-08-09 03:00:00,325.0,,316.6715861029743,0.0,1.7261149581499922,Aug 09
2021-08-09 06:00:00,323.0,,316.7664027760613,0.0,1.8209316312369879,Aug 09
2021-08-09 09:00:00,,,,,,Aug 09
2021-08-09 12:00:00,333.0,,316.29231941062636,0.0,1.3468482658020662,Aug 09
2021-08-09 15:00:00,332.0,,316.3397277471699,0.0,1.3942566023455925,Aug 09
2021-08-09 18:00:00,328.0,,316.5293610933438,0.0,1.583889948519527,Aug 09
2021-08-09 21:00:00,327.0,,316.5767694298873,0.0,1.6312982850629965,Aug 09
2021-08-10 00:00:00,350.0,,315.48637768938704,0.0,0.5409065445627448,Aug 10
2021-08-10 03:00:00,332.0,,316.3397277471699,0.0,1.3942566023455925,Aug 10
2021-08-10 06:00:00,332.0,,316.3397277471699,0.0,1.3942566023455925,Aug 10
2021-08-10 09:00:00,,,,,,Aug 10
2021-08-10 12:00:00,334.0,,316.2449110740829,0.0,1.2994399292585967,Aug 10
2021-08-10 15:00:00,334.0,,316.2449110740829,0.0,1.2994399292585967,Aug 10
2021-08-10 18:00:00,364.0,,314.8226609777782,0.0,-0.12281016704611147,Aug 10
2021-08-10 21:00:00,365.0,,314.7752526412347,0.0,-0.1702185035895809,Aug 10
2021-08-11 00:00:00,365.0,,314.7752526412347,0.0,-0.1702185035895809,Aug 11
2021-08-11 03:00:00,365.0,,314.7752526412347,0.0,-0.1702185035895809,Aug 11
2021-08-11 06:00:00,370.0,,314.53821095851725,0.0,-0.40726018630704175,Aug 11
2021-08-11 09:00:00,,,,,,Aug 11
2021-08-11 12:00:00,334.0,,316.2449110740829,0.0,1.2994399292585967,Aug 11
2021-08-11 15:00:00,355.0,,315.24933600666964,0.0,0.3038648618453408,Aug 11
2021-08-11 18:00:00,340.0,,315.96046105482196,0.0,1.0149899099976665,Aug 11
2021-08-11 21:00:00,340.0,0.260754545,315.96046105482196,0.0,1.0149899099976665,Aug 11
2021-08-12 00:00:00,330.0,0.405633333,316.4345444202568,0.0,1.4890732754325313,Aug 12
2021-08-12 03:00:00,315.0,0.400118182,317.14566946840915,0.0,2.200198323584857,Aug 12
2021-08-12 06:00:00,315.0,0.316163636,317.14566946840915,0.0,2.200198323584857,Aug 12
2021-08-12 09:00:00,,0.226825,,,,Aug 12
2021-08-12 12:00:00,320.0,0.126363636,316.90862778569175,0.0,1.963156640867453,Aug 12
2021-08-12 15:00:00,320.0,,316.90862778569175,0.0,1.963156640867453,Aug 12
2021-08-12 18:00:00,326.0,,316.6241777664308,0.0,1.6787066216065227,Aug 12
2021-08-12 21:00:00,332.0,,316.3397277471699,0.0,1.3942566023455925,Aug 12
2021-08-13 00:00:00,330.0,,316.4345444202568,0.0,1.4890732754325313,Aug 13
2021-08-13 03:00:00,328.0,,316.5293610933438,0.0,1.583889948519527,Aug 13
2021-08-13 06:00:00,325.0,,316.6715861029743,0.0,1.7261149581499922,Aug 13
2021-08-13 09:00:00,,,,,,Aug 13
2021-08-13 12:00:00,334.0,,316.2449110740829,0.0,1.2994399292585967,Aug 13
2021-08-13 15:00:00,334.0,,316.2449110740829,0.0,1.2994399292585967,Aug 13
2021-08-13 18:00:00,365.0,,314.7752526412347,0.0,-0.1702185035895809,Aug 13
2021-08-13 21:00:00,365.0,,314.7752526412347,0.0,-0.1702185035895809,Aug 13
2021-08-14 00:00:00,375.0,,314.30116927579985,0.0,-0.6443018690244458,Aug 14
2021-08-14 03:00:00,385.0,,313.82708591036493,0.0,-1.1183852344593674,Aug 14
2021-08-14 06:00:00,370.0,,314.53821095851725,0.0,-0.40726018630704175,Aug 14
2021-08-14 09:00:00,,,,,,Aug 14
2021-08-14 12:00:00,349.0,,315.53378602593057,0.0,0.5883148811062711,Aug 14
2021-08-14 15:00:00,350.0,,315.48637768938704,0.0,0.5409065445627448,Aug 14
2021-08-14 18:00:00,385.0,,313.82708591036493,0.0,-1.1183852344593674,Aug 14
2021-08-14 21:00:00,385.0,,313.82708591036493,0.0,-1.1183852344593674,Aug 14
2021-08-15 00:00:00,390.0,,313.59004422764747,0.0,-1.3554269171768283,Aug 15
2021-08-15 03:00:00,350.0,0.32004,315.48637768938704,0.0,0.5409065445627448,Aug 15
2021-08-15 06:00:00,320.0,0.7067625,316.90862778569175,0.0,1.963156640867453,Aug 15
2021-08-15 09:00:00,,0.8418,,,,Aug 15
2021-08-15 12:00:00,315.0,0.64975,317.14566946840915,0.0,2.200198323584857,Aug 15
2021-08-15 15:00:00,296.0,0.50749,318.0658456713079,1.0,3.1203745264836016,Aug 15
2021-08-15 18:00:00,330.0,0.432825,316.4345444202568,0.0,1.4890732754325313,Aug 15
2021-08-15 21:00:00,320.0,0.406763636,316.90862778569175,0.0,1.963156640867453,Aug 15
2021-08-16 00:00:00,320.0,0.36758,316.90862778569175,0.0,1.963156640867453,Aug 16
2021-08-16 03:00:00,320.0,0.290672727,316.90862778569175,0.0,1.963156640867453,Aug 16
2021-08-16 06:00:00,330.0,0.1811,316.4345444202568,0.0,1.4890732754325313,Aug 16
2021-08-16 09:00:00,335.0,,316.19750273753937,0.0,1.2520315927150705,Aug 16
2021-08-16 12:00:00,349.0,,315.53378602593057,0.0,0.5883148811062711,Aug 16
2021-08-16 15:00:00,345.0,,315.7234193721045,0.0,0.7779482272802056,Aug 16
2021-08-16 18:00:00,360.0,,315.0122943239522,0.0,0.06682317912787994,Aug 16
2021-08-16 21:00:00,329.0,,316.48195275680035,0.0,1.5364816119760576,Aug 16
2021-08-17 00:00:00,350.0,,315.48637768938704,0.0,0.5409065445627448,Aug 17
2021-08-17 03:00:00,365.0,,314.7752526412347,0.0,-0.1702185035895809,Aug 17
2021-08-17 06:00:00,370.0,,314.53821095851725,0.0,-0.40726018630704175,Aug 17
2021-08-17 09:00:00,,,,,,Aug 17
2021-08-17 12:00:00,370.0,,314.53821095851725,0.0,-0.40726018630704175,Aug 17
2021-08-17 15:00:00,365.0,,314.7752526412347,0.0,-0.1702185035895809,Aug 17
2021-08-17 18:00:00,355.0,,315.24933600666964,0.0,0.3038648618453408,Aug 17
2021-08-17 21:00:00,365.0,,314.7752526412347,0.0,-0.1702185035895809,Aug 17
2021-08-18 00:00:00,360.0,,315.0122943239522,0.0,0.06682317912787994,Aug 18
2021-08-18 03:00:00,350.0,,315.48637768938704,0.0,0.5409065445627448,Aug 18
2021-08-18 06:00:00,340.0,,315.96046105482196,0.0,1.0149899099976665,Aug 18
2021-08-18 09:00:00,,,,,,Aug 18
2021-08-18 12:00:00,360.0,,315.0122943239522,0.0,0.06682317912787994,Aug 18
2021-08-18 15:00:00,334.0,,316.2449110740829,0.0,1.2994399292585967,Aug 18
2021-08-18 18:00:00,341.0,,315.91305271827844,0.0,0.9675815734541402,Aug 18
2021-08-18 21:00:00,350.0,,315.48637768938704,0.0,0.5409065445627448,Aug 18
2021-08-19 00:00:00,370.0,,314.53821095851725,0.0,-0.40726018630704175,Aug 19
2021-08-19 03:00:00,370.0,,314.53821095851725,0.0,-0.40726018630704175,Aug 19
2021-08-19 06:00:00,375.0,,314.30116927579985,0.0,-0.6443018690244458,Aug 19
2021-08-19 09:00:00,370.0,,314.53821095851725,0.0,-0.40726018630704175,Aug 19
2021-08-19 12:00:00,375.0,,314.30116927579985,0.0,-0.6443018690244458,Aug 19
2021-08-19 15:00:00,353.0,,315.3441526797566,0.0,0.39868153493227965,Aug 19
2021-08-19 18:00:00,357.0,,315.15451933358264,0.0,0.20904818875834508,Aug 19
2021-08-19 21:00:00,395.0,,313.35300254493006,0.0,-1.5924685998942323,Aug 19
2021-08-20 00:00:00,370.0,,314.53821095851725,0.0,-0.40726018630704175,Aug 20
2021-08-20 03:00:00,374.0,,314.3485776123433,0.0,-0.5968935324809763,Aug 20
2021-08-20 06:00:00,357.0,,315.15451933358264,0.0,0.20904818875834508,Aug 20
2021-08-20 09:00:00,,,,,,Aug 20
2021-08-20 12:00:00,360.0,,315.0122943239522,0.0,0.06682317912787994,Aug 20
2021-08-20 15:00:00,359.0,,315.05970266049565,0.0,0.11423151567134937,Aug 20
2021-08-20 18:00:00,358.0,,315.1071109970392,0.0,0.16163985221487565,Aug 20
2021-08-20 21:00:00,400.0,,313.1159608622126,0.0,-1.8295102826116931,Aug 20
2021-08-21 00:00:00,400.0,,313.1159608622126,0.0,-1.8295102826116931,Aug 21
2021-08-21 03:00:00,400.0,,313.1159608622126,0.0,-1.8295102826116931,Aug 21
2021-08-21 06:00:00,390.0,,313.59004422764747,0.0,-1.3554269171768283,Aug 21
2021-08-21 09:00:00,375.0,,314.30116927579985,0.0,-0.6443018690244458,Aug 21
2021-08-21 12:00:00,360.0,,315.0122943239522,0.0,0.06682317912787994,Aug 21
2021-08-21 15:00:00,349.0,,315.53378602593057,0.0,0.5883148811062711,Aug 21
2021-08-21 18:00:00,370.0,,314.53821095851725,0.0,-0.40726018630704175,Aug 21
2021-08-21 21:00:00,351.0,,315.43896935284357,0.0,0.49349820801927535,Aug 21
2021-08-22 00:00:00,375.0,,314.30116927579985,0.0,-0.6443018690244458,Aug 22
2021-08-22 03:00:00,345.0,,315.7234193721045,0.0,0.7779482272802056,Aug 22
2021-08-22 06:00:00,354.0,,315.2967443432131,0.0,0.3512731983888102,Aug 22
2021-08-22 09:00:00,,,,,,Aug 22
2021-08-22 12:00:00,360.0,,315.0122943239522,0.0,0.06682317912787994,Aug 22
2021-08-22 15:00:00,400.0,,313.1159608622126,0.0,-1.8295102826116931,Aug 22
2021-08-22 18:00:00,358.0,,315.1071109970392,0.0,0.16163985221487565,Aug 22
2021-08-22 21:00:00,400.0,,313.1159608622126,0.0,-1.8295102826116931,Aug 22
2021-08-23 00:00:00,400.0,,313.1159608622126,0.0,-1.8295102826116931,Aug 23
2021-08-23 03:00:00,386.0,,313.77967757382146,0.0,-1.1657935710028369,Aug 23
2021-08-23 06:00:00,400.0,,313.1159608622126,0.0,-1.8295102826116931,Aug 23
2021-08-23 09:00:00,,,,,,Aug 23
2021-08-23 12:00:00,372.0,,314.4433942854303,0.0,-0.5020768593939806,Aug 23
2021-08-23 15:00:00,405.0,,312.87891917949514,0.0,-2.066551965329154,Aug 23
2021-08-23 18:00:00,379.0,,314.11153592962586,0.0,-0.8339352151984372,Aug 23
2021-08-23 21:00:00,410.0,,312.6418774967777,0.0,-2.303593648046615,Aug 23
2021-08-24 00:00:00,390.0,,313.59004422764747,0.0,-1.3554269171768283,Aug 24
2021-08-24 03:00:00,382.0,,313.9693109199954,0.0,-0.9761602248289023,Aug 24
2021-08-24 06:00:00,413.0,,312.4996524871472,0.0,-2.44581865767708,Aug 24
2021-08-24 09:00:00,,,,,,Aug 24
2021-08-24 12:00:00,380.0,,314.0641275930824,0.0,-0.8813435517419066,Aug 24
2021-08-24 15:00:00,381.0,,314.01671925653886,0.0,-0.9287518882854329,Aug 24
2021-08-24 18:00:00,381.0,,314.01671925653886,0.0,-0.9287518882854329,Aug 24
2021-08-24 21:00:00,393.0,,313.447819218017,0.0,-1.4976519268072934,Aug 24
2021-08-25 00:00:00,382.0,,313.9693109199954,0.0,-0.9761602248289023,Aug 25
2021-08-25 03:00:00,412.0,,312.54706082369074,0.0,-2.3984103211335537,Aug 25
2021-08-25 06:00:00,415.0,,312.4048358140603,0.0,-2.540635330764019,Aug 25
2021-08-25 09:00:00,,,,,,Aug 25
2021-08-25 12:00:00,398.0,,313.2107775352996,0.0,-1.7346936095246974,Aug 25
2021-08-25 15:00:00,412.0,,312.54706082369074,0.0,-2.3984103211335537,Aug 25
2021-08-25 18:00:00,419.0,,312.2152024678863,0.0,-2.7302686769380102,Aug 25
2021-08-25 21:00:00,380.0,,314.0641275930824,0.0,-0.8813435517419066,Aug 25
2021-08-26 00:00:00,360.0,,315.0122943239522,0.0,0.06682317912787994,Aug 26
2021-08-26 03:00:00,365.0,,314.7752526412347,0.0,-0.1702185035895809,Aug 26
2021-08-26 06:00:00,365.0,,314.7752526412347,0.0,-0.1702185035895809,Aug 26
2021-08-26 09:00:00,370.0,,314.53821095851725,0.0,-0.40726018630704175,Aug 26
2021-08-26 12:00:00,380.0,,314.0641275930824,0.0,-0.8813435517419066,Aug 26
2021-08-26 15:00:00,385.0,,313.82708591036493,0.0,-1.1183852344593674,Aug 26
2021-08-26 18:00:00,346.0,,315.67601103556103,0.0,0.7305398907367362,Aug 26
2021-08-26 21:00:00,357.0,,315.15451933358264,0.0,0.20904818875834508,Aug 26
2021-08-27 00:00:00,372.0,,314.4433942854303,0.0,-0.5020768593939806,Aug 27
2021-08-27 03:00:00,358.0,,315.1071109970392,0.0,0.16163985221487565,Aug 27
2021-08-27 06:00:00,359.0,,315.05970266049565,0.0,0.11423151567134937,Aug 27
2021-08-27 09:00:00,,,,,,Aug 27
2021-08-27 12:00:00,358.0,,315.1071109970392,0.0,0.16163985221487565,Aug 27
2021-08-27 15:00:00,376.0,,314.2537609392563,0.0,-0.691710205567972,Aug 27
2021-08-27 18:00:00,377.0,,314.20635260271285,0.0,-0.7391185421114415,Aug 27
2021-08-27 21:00:00,377.0,,314.20635260271285,0.0,-0.7391185421114415,Aug 27
2021-08-28 00:00:00,406.0,,312.8315108429517,0.0,-2.1139603018726234,Aug 28
2021-08-28 03:00:00,381.0,,314.01671925653886,0.0,-0.9287518882854329,Aug 28
2021-08-28 06:00:00,415.0,,312.4048358140603,0.0,-2.540635330764019,Aug 28
2021-08-28 09:00:00,415.0,,312.4048358140603,0.0,-2.540635330764019,Aug 28
2021-08-28 12:00:00,410.0,,312.6418774967777,0.0,-2.303593648046615,Aug 28
2021-08-28 15:00:00,410.0,,312.6418774967777,0.0,-2.303593648046615,Aug 28
2021-08-28 18:00:00,410.0,,312.6418774967777,0.0,-2.303593648046615,Aug 28
2021-08-28 21:00:00,412.0,,312.54706082369074,0.0,-2.3984103211335537,Aug 28
2021-08-29 00:00:00,409.0,,312.6892858333212,0.0,-2.2561853115030885,Aug 29
2021-08-29 03:00:00,423.0,,312.02556912171235,0.0,-2.919902023111945,Aug 29
2021-08-29 06:00:00,,,,,,Aug 29
2021-08-29 09:00:00,416.0,,312.35742747751675,0.0,-2.588043667307545,Aug 29
2021-08-29 12:00:00,415.0,,312.4048358140603,0.0,-2.540635330764019,Aug 29
2021-08-29 15:00:00,415.0,,312.4048358140603,0.0,-2.540635330764019,Aug 29
2021-08-29 18:00:00,410.0,,312.6418774967777,0.0,-2.303593648046615,Aug 29
2021-08-29 21:00:00,397.0,,313.25818587184307,0.0,-1.687285272981228,Aug 29
2021-08-30 00:00:00,397.0,,313.25818587184307,0.0,-1.687285272981228,Aug 30
2021-08-30 03:00:00,419.0,,312.2152024678863,0.0,-2.7302686769380102,Aug 30
2021-08-30 06:00:00,398.0,,313.2107775352996,0.0,-1.7346936095246974,Aug 30
2021-08-30 09:00:00,419.0,,312.2152024678863,0.0,-2.7302686769380102,Aug 30
2021-08-30 12:00:00,410.0,,312.6418774967777,0.0,-2.303593648046615,Aug 30
2021-08-30 15:00:00,405.0,,312.87891917949514,0.0,-2.066551965329154,Aug 30
2021-08-30 18:00:00,405.0,,312.87891917949514,0.0,-2.066551965329154,Aug 30
2021-08-30 21:00:00,410.0,,312.6418774967777,0.0,-2.303593648046615,Aug 30
2021-08-31 00:00:00,394.0,,313.40041088147353,0.0,-1.5450602633507629,Aug 31
2021-08-31 03:00:00,385.0,,313.82708591036493,0.0,-1.1183852344593674,Aug 31
2021-08-31 06:00:00,385.0,,313.82708591036493,0.0,-1.1183852344593674,Aug 31
2021-08-31 09:00:00,,,,,,Aug 31
2021-08-31 12:00:00,401.0,,313.06855252566913,0.0,-1.8769186191551626,Aug 31
2021-08-31 15:00:00,420.0,,312.1677941313428,0.0,-2.7776770134814797,Aug 31
2021-08-31 18:00:00,422.0,,312.0729774582558,0.0,-2.8724936865684754,Aug 31
2021-08-31 21:00:00,410.0,,312.6418774967777,0.0,-2.303593648046615,Aug 31
2021-09-01 00:00:00,410.0,,312.6418774967777,0.0,-2.303593648046615,Sep 01
2021-09-01 03:00:00,410.0,,312.6418774967777,0.0,-2.303593648046615,Sep 01
2021-09-01 06:00:00,415.0,,312.4048358140603,0.0,-2.540635330764019,Sep 01
2021-09-01 09:00:00,420.0,,312.1677941313428,0.0,-2.7776770134814797,Sep 01
2021-09-01 12:00:00,420.0,,312.1677941313428,0.0,-2.7776770134814797,Sep 01
2021-09-01 15:00:00,421.0,,312.12038579479935,0.0,-2.825085350024949,Sep 01
2021-09-01 18:00:00,420.0,,312.1677941313428,0.0,-2.7776770134814797,Sep 01
2021-09-01 21:00:00,422.0,,312.0729774582558,0.0,-2.8724936865684754,Sep 01
2021-09-02 00:00:00,398.0,,313.2107775352996,0.0,-1.7346936095246974,Sep 02
2021-09-02 03:00:00,420.0,,312.1677941313428,0.0,-2.7776770134814797,Sep 02
2021-09-02 06:00:00,424.0,,311.9781607851689,0.0,-2.9673103596554142,Sep 02
2021-09-02 09:00:00,424.0,,311.9781607851689,0.0,-2.9673103596554142,Sep 02
2021-09-02 12:00:00,425.0,,311.93075244862536,0.0,-3.0147186961989405,Sep 02
2021-09-02 15:00:00,425.0,,311.93075244862536,0.0,-3.0147186961989405,Sep 02
2021-09-02 18:00:00,424.0,,311.9781607851689,0.0,-2.9673103596554142,Sep 02
2021-09-02 21:00:00,425.0,,311.93075244862536,0.0,-3.0147186961989405,Sep 02
2021-09-03 00:00:00,428.0,,311.7885274389949,0.0,-3.1569437058294056,Sep 03
2021-09-03 03:00:00,425.0,,311.93075244862536,0.0,-3.0147186961989405,Sep 03
2021-09-03 06:00:00,,,,,,Sep 03
2021-09-03 09:00:00,425.0,,311.93075244862536,0.0,-3.0147186961989405,Sep 03
2021-09-03 12:00:00,425.0,,311.93075244862536,0.0,-3.0147186961989405,Sep 03
2021-09-03 15:00:00,425.0,,311.93075244862536,0.0,-3.0147186961989405,Sep 03
2021-09-03 18:00:00,425.0,,311.93075244862536,0.0,-3.0147186961989405,Sep 03
2021-09-03 21:00:00,425.0,,311.93075244862536,0.0,-3.0147186961989405,Sep 03
2021-09-04 00:00:00,425.0,,311.93075244862536,0.0,-3.0147186961989405,Sep 04
2021-09-04 03:00:00,425.0,,311.93075244862536,0.0,-3.0147186961989405,Sep 04
2021-09-04 06:00:00,,,,,,Sep 04
2021-09-04 09:00:00,418.0,,312.2626108044298,0.0,-2.682860340394484,Sep 04
2021-09-04 12:00:00,425.0,,311.93075244862536,0.0,-3.0147186961989405,Sep 04
2021-09-04 15:00:00,396.0,,313.30559420838654,0.0,-1.6398769364377586,Sep 04
2021-09-04 18:00:00,430.0,,311.6937107659079,0.0,-3.2517603789164014,Sep 04
2021-09-04 21:00:00,430.0,,311.6937107659079,0.0,-3.2517603789164014,Sep 04
2021-09-05 00:00:00,430.0,,311.6937107659079,0.0,-3.2517603789164014,Sep 05
2021-09-05 03:00:00,430.0,,311.6937107659079,0.0,-3.2517603789164014,Sep 05
2021-09-05 06:00:00,425.0,,311.93075244862536,0.0,-3.0147186961989405,Sep 05
2021-09-05 09:00:00,425.0,,311.93075244862536,0.0,-3.0147186961989405,Sep 05
2021-09-05 12:00:00,430.0,,311.6937107659079,0.0,-3.2517603789164014,Sep 05
2021-09-05 15:00:00,423.0,,312.02556912171235,0.0,-2.919902023111945,Sep 05
2021-09-05 18:00:00,437.0,,311.3618524101035,0.0,-3.583618734720801,Sep 05
2021-09-05 21:00:00,428.0,,311.7885274389949,0.0,-3.1569437058294056,Sep 05
